Start Time,0,End Time,1
Start Time,0,End Time,2
Start Time,0,End Time,3
Start Time,0,End Time,4
Start Time,0,End Time,5
Start Time,0,End Time,6
Start Time,0,End Time,7
Start Time,0,End Time,8
Start Time,0,End Time,9
Start Time,0,End Time,10
Start Time,0,End Time,11
Start Time,0,End Time,12
Start Time,0,End Time,13
Start Time,0,End Time,14
Start Time,0,End Time,15
Start Time,0,End Time,16
Start Time,0,End Time,17
Start Time,0,End Time,18
Start Time,0,End Time,19
Start Time,0,End Time,20
Start Time,0,End Time,21
Start Time,0,End Time,22
Start Time,0,End Time,23
Start Time,0,End Time,24
Start Time,0,End Time,25
Start Time,0,End Time,26
Start Time,0,End Time,27
Start Time,0,End Time,28
Start Time,0,End Time,29
Start Time,0,End Time,30
Start Time,0,End Time,31
Start Time,0,End Time,32
Start Time,0,End Time,33
Start Time,0,End Time,34
Start Time,0,End Time,35
Start Time,0,End Time,36
Start Time,0,End Time,37
Start Time,0,End Time,38
Start Time,0,End Time,39
Start Time,0,End Time,40
Start Time,0,End Time,41
Start Time,0,End Time,42
Start Time,0,End Time,43
Start Time,0,End Time,44
Start Time,0,End Time,45
Start Time,0,End Time,46
Start Time,0,End Time,47
Start Time,0,End Time,48
Start Time,0,End Time,49
Start Time,0,End Time,50
Start Time,0,End Time,51
Start Time,0,End Time,52
Start Time,0,End Time,53
Start Time,0,End Time,54
Start Time,0,End Time,55
Start Time,0,End Time,56
Start Time,0,End Time,57
Start Time,0,End Time,58
Start Time,0,End Time,59
Start Time,0,End Time,60
Start Time,0,End Time,61
Start Time,0,End Time,62
Start Time,0,End Time,63
Start Time,0,End Time,64
Start Time,0,End Time,65
Start Time,0,End Time,66
Start Time,0,End Time,67
Start Time,0,End Time,68
Start Time,0,End Time,69
Start Time,0,End Time,70
Start Time,0,End Time,71
Start Time,0,End Time,72
Start Time,0,End Time,73
Start Time,0,End Time,74
Start Time,0,End Time,75
Start Time,0,End Time,76
Start Time,0,End Time,77
Start Time,0,End Time,78
Start Time,0,End Time,79
Start Time,0,End Time,80
Start Time,0,End Time,81
Start Time,0,End Time,82
Start Time,0,End Time,83
Start Time,0,End Time,84
Start Time,0,End Time,85
Start Time,0,End Time,86
Start Time,0,End Time,87
Start Time,0,End Time,88
Start Time,0,End Time,89
Start Time,0,End Time,90
Start Time,0,End Time,91
Start Time,0,End Time,92
Start Time,0,End Time,93
Start Time,0,End Time,94
Start Time,0,End Time,95
Start Time,0,End Time,96
Start Time,0,End Time,97
Start Time,0,End Time,98
Start Time,0,End Time,99
Start Time,0,End Time,100
